aircraft_code,seat_no,fare_conditions,aircraft_model,manufacturer,total_seat_capacity
319,2A,Business,Airbus A319-100,Airbus,116
319,2C,Business,Airbus A319-100,Airbus,116
319,2D,Business,Airbus A319-100,Airbus,116
319,2F,Business,Airbus A319-100,Airbus,116
319,3A,Business,Airbus A319-100,Airbus,116
319,3C,Business,Airbus A319-100,Airbus,116
319,3D,Business,Airbus A319-100,Airbus,116
319,3F,Business,Airbus A319-100,Airbus,116
319,4A,Business,Airbus A319-100,Airbus,116
319,4C,Business,Airbus A319-100,Airbus,116
319,4D,Business,Airbus A319-100,Airbus,116
319,4F,Business,Airbus A319-100,Airbus,116
319,5A,Business,Airbus A319-100,Airbus,116
319,5C,Business,Airbus A319-100,Airbus,116
319,5D,Business,Airbus A319-100,Airbus,116
319,5F,Business,Airbus A319-100,Airbus,116
319,6A,Economy,Airbus A319-100,Airbus,116
319,6B,Economy,Airbus A319-100,Airbus,116
319,6C,Economy,Airbus A319-100,Airbus,116
319,6D,Economy,Airbus A319-100,Airbus,116
319,6E,Economy,Airbus A319-100,Airbus,116
319,6F,Economy,Airbus A319-100,Airbus,116
319,7A,Economy,Airbus A319-100,Airbus,116
319,7B,Economy,Airbus A319-100,Airbus,116
319,7C,Economy,Airbus A319-100,Airbus,116
319,7D,Economy,Airbus A319-100,Airbus,116
319,7E,Economy,Airbus A319-100,Airbus,116
319,7F,Economy,Airbus A319-100,Airbus,116
319,8A,Economy,Airbus A319-100,Airbus,116
319,8B,Economy,Airbus A319-100,Airbus,116
319,8C,Economy,Airbus A319-100,Airbus,116
319,8D,Economy,Airbus A319-100,Airbus,116
319,8F,Economy,Airbus A319-100,Airbus,116
319,9A,Economy,Airbus A319-100,Airbus,116
319,9B,Economy,Airbus A319-100,Airbus,116
319,9C,Economy,Airbus A319-100,Airbus,116
319,9D,Economy,Airbus A319-100,Airbus,116
319,9E,Economy,Airbus A319-100,Airbus,116
319,9F,Economy,Airbus A319-100,Airbus,116
319,10A,Economy,Airbus A319-100,Airbus,116
319,10B,Economy,Airbus A319-100,Airbus,116
319,10C,Economy,Airbus A319-100,Airbus,116
319,10D,Economy,Airbus A319-100,Airbus,116
319,10E,Economy,Airbus A319-100,Airbus,116
319,10F,Economy,Airbus A319-100,Airbus,116
319,11A,Economy,Airbus A319-100,Airbus,116
319,11B,Economy,Airbus A319-100,Airbus,116
319,17D,Economy,Airbus A319-100,Airbus,116
319,17E,Economy,Airbus A319-100,Airbus,116
319,17F,Economy,Airbus A319-100,Airbus,116
319,18A,Economy,Airbus A319-100,Airbus,116
319,18B,Economy,Airbus A319-100,Airbus,116
319,18C,Economy,Airbus A319-100,Airbus,116
319,18D,Economy,Airbus A319-100,Airbus,116
319,18E,Economy,Airbus A319-100,Airbus,116
319,18F,Economy,Airbus A319-100,Airbus,116
319,19A,Economy,Airbus A319-100,Airbus,116
319,19B,Economy,Airbus A319-100,Airbus,116
319,19C,Economy,Airbus A319-100,Airbus,116
319,19D,Economy,Airbus A319-100,Airbus,116
319,20E,Economy,Airbus A319-100,Airbus,116
319,20F,Economy,Airbus A319-100,Airbus,116
319,21A,Economy,Airbus A319-100,Airbus,116
319,21B,Economy,Airbus A319-100,Airbus,116
319,21C,Economy,Airbus A319-100,Airbus,116
319,21D,Economy,Airbus A319-100,Airbus,116
319,21E,Economy,Airbus A319-100,Airbus,116
319,21F,Economy,Airbus A319-100,Airbus,116
320,1A,Business,Airbus A320-200,Airbus,140
320,1C,Business,Airbus A320-200,Airbus,140
320,1D,Business,Airbus A320-200,Airbus,140
320,1F,Business,Airbus A320-200,Airbus,140
320,2A,Business,Airbus A320-200,Airbus,140
320,2C,Business,Airbus A320-200,Airbus,140
320,2D,Business,Airbus A320-200,Airbus,140
319,8E,Economy,Airbus A319-100,Airbus,116
320,2F,Business,Airbus A320-200,Airbus,140
320,3A,Business,Airbus A320-200,Airbus,140
320,3C,Business,Airbus A320-200,Airbus,140
320,3D,Business,Airbus A320-200,Airbus,140
320,3F,Business,Airbus A320-200,Airbus,140
320,4A,Business,Airbus A320-200,Airbus,140
320,4C,Business,Airbus A320-200,Airbus,140
320,4D,Business,Airbus A320-200,Airbus,140
320,4F,Business,Airbus A320-200,Airbus,140
320,5A,Business,Airbus A320-200,Airbus,140
320,5C,Business,Airbus A320-200,Airbus,140
320,5D,Business,Airbus A320-200,Airbus,140
320,5F,Business,Airbus A320-200,Airbus,140
320,6A,Economy,Airbus A320-200,Airbus,140
320,6B,Economy,Airbus A320-200,Airbus,140
320,6C,Economy,Airbus A320-200,Airbus,140
320,6D,Economy,Airbus A320-200,Airbus,140
320,6E,Economy,Airbus A320-200,Airbus,140
320,6F,Economy,Airbus A320-200,Airbus,140
320,7A,Economy,Airbus A320-200,Airbus,140
320,7B,Economy,Airbus A320-200,Airbus,140
320,7C,Economy,Airbus A320-200,Airbus,140
320,7D,Economy,Airbus A320-200,Airbus,140
320,7E,Economy,Airbus A320-200,Airbus,140
320,7F,Economy,Airbus A320-200,Airbus,140
320,8A,Economy,Airbus A320-200,Airbus,140
320,8B,Economy,Airbus A320-200,Airbus,140
320,8C,Economy,Airbus A320-200,Airbus,140
320,8D,Economy,Airbus A320-200,Airbus,140
320,8E,Economy,Airbus A320-200,Airbus,140
320,8F,Economy,Airbus A320-200,Airbus,140
320,9A,Economy,Airbus A320-200,Airbus,140
320,9B,Economy,Airbus A320-200,Airbus,140
320,9C,Economy,Airbus A320-200,Airbus,140
320,9D,Economy,Airbus A320-200,Airbus,140
320,9E,Economy,Airbus A320-200,Airbus,140
320,9F,Economy,Airbus A320-200,Airbus,140
320,10A,Economy,Airbus A320-200,Airbus,140
320,10B,Economy,Airbus A320-200,Airbus,140
320,10C,Economy,Airbus A320-200,Airbus,140
320,10D,Economy,Airbus A320-200,Airbus,140
320,10E,Economy,Airbus A320-200,Airbus,140
320,10F,Economy,Airbus A320-200,Airbus,140
320,11A,Economy,Airbus A320-200,Airbus,140
320,11B,Economy,Airbus A320-200,Airbus,140
320,11C,Economy,Airbus A320-200,Airbus,140
320,11D,Economy,Airbus A320-200,Airbus,140
320,11E,Economy,Airbus A320-200,Airbus,140
320,11F,Economy,Airbus A320-200,Airbus,140
320,12A,Economy,Airbus A320-200,Airbus,140
320,12B,Economy,Airbus A320-200,Airbus,140
320,12C,Economy,Airbus A320-200,Airbus,140
320,12D,Economy,Airbus A320-200,Airbus,140
320,12E,Economy,Airbus A320-200,Airbus,140
320,12F,Economy,Airbus A320-200,Airbus,140
320,13A,Economy,Airbus A320-200,Airbus,140
320,13B,Economy,Airbus A320-200,Airbus,140
320,13C,Economy,Airbus A320-200,Airbus,140
320,13D,Economy,Airbus A320-200,Airbus,140
320,13E,Economy,Airbus A320-200,Airbus,140
320,13F,Economy,Airbus A320-200,Airbus,140
320,14A,Economy,Airbus A320-200,Airbus,140
320,14B,Economy,Airbus A320-200,Airbus,140
320,14C,Economy,Airbus A320-200,Airbus,140
320,14D,Economy,Airbus A320-200,Airbus,140
320,14E,Economy,Airbus A320-200,Airbus,140
320,14F,Economy,Airbus A320-200,Airbus,140
320,15A,Economy,Airbus A320-200,Airbus,140
320,15B,Economy,Airbus A320-200,Airbus,140
319,1A,Business,Airbus A319-100,Airbus,116
319,1C,Business,Airbus A319-100,Airbus,116
319,1D,Business,Airbus A319-100,Airbus,116
319,1F,Business,Airbus A319-100,Airbus,116
319,11C,Economy,Airbus A319-100,Airbus,116
319,11D,Economy,Airbus A319-100,Airbus,116
319,11E,Economy,Airbus A319-100,Airbus,116
319,11F,Economy,Airbus A319-100,Airbus,116
319,12A,Economy,Airbus A319-100,Airbus,116
319,12B,Economy,Airbus A319-100,Airbus,116
319,12C,Economy,Airbus A319-100,Airbus,116
319,12D,Economy,Airbus A319-100,Airbus,116
319,12E,Economy,Airbus A319-100,Airbus,116
319,12F,Economy,Airbus A319-100,Airbus,116
319,13A,Economy,Airbus A319-100,Airbus,116
319,13B,Economy,Airbus A319-100,Airbus,116
319,13C,Economy,Airbus A319-100,Airbus,116
319,13D,Economy,Airbus A319-100,Airbus,116
319,13E,Economy,Airbus A319-100,Airbus,116
319,13F,Economy,Airbus A319-100,Airbus,116
319,14A,Economy,Airbus A319-100,Airbus,116
319,14B,Economy,Airbus A319-100,Airbus,116
319,14C,Economy,Airbus A319-100,Airbus,116
319,14D,Economy,Airbus A319-100,Airbus,116
319,14E,Economy,Airbus A319-100,Airbus,116
319,14F,Economy,Airbus A319-100,Airbus,116
319,15A,Economy,Airbus A319-100,Airbus,116
319,15B,Economy,Airbus A319-100,Airbus,116
319,15C,Economy,Airbus A319-100,Airbus,116
319,15D,Economy,Airbus A319-100,Airbus,116
319,15E,Economy,Airbus A319-100,Airbus,116
319,15F,Economy,Airbus A319-100,Airbus,116
319,16A,Economy,Airbus A319-100,Airbus,116
319,16B,Economy,Airbus A319-100,Airbus,116
319,16C,Economy,Airbus A319-100,Airbus,116
319,16D,Economy,Airbus A319-100,Airbus,116
319,16E,Economy,Airbus A319-100,Airbus,116
319,16F,Economy,Airbus A319-100,Airbus,116
319,17A,Economy,Airbus A319-100,Airbus,116
319,17B,Economy,Airbus A319-100,Airbus,116
319,17C,Economy,Airbus A319-100,Airbus,116
319,19E,Economy,Airbus A319-100,Airbus,116
319,19F,Economy,Airbus A319-100,Airbus,116
319,20A,Economy,Airbus A319-100,Airbus,116
319,20B,Economy,Airbus A319-100,Airbus,116
319,20C,Economy,Airbus A319-100,Airbus,116
319,20D,Economy,Airbus A319-100,Airbus,116
320,15C,Economy,Airbus A320-200,Airbus,140
320,15D,Economy,Airbus A320-200,Airbus,140
320,15E,Economy,Airbus A320-200,Airbus,140
320,15F,Economy,Airbus A320-200,Airbus,140
320,16A,Economy,Airbus A320-200,Airbus,140
320,16B,Economy,Airbus A320-200,Airbus,140
320,16C,Economy,Airbus A320-200,Airbus,140
320,16D,Economy,Airbus A320-200,Airbus,140
320,16E,Economy,Airbus A320-200,Airbus,140
320,16F,Economy,Airbus A320-200,Airbus,140
320,17A,Economy,Airbus A320-200,Airbus,140
320,17B,Economy,Airbus A320-200,Airbus,140
320,17C,Economy,Airbus A320-200,Airbus,140
320,17D,Economy,Airbus A320-200,Airbus,140
320,17E,Economy,Airbus A320-200,Airbus,140
320,17F,Economy,Airbus A320-200,Airbus,140
320,18A,Economy,Airbus A320-200,Airbus,140
320,18B,Economy,Airbus A320-200,Airbus,140
320,18C,Economy,Airbus A320-200,Airbus,140
320,18D,Economy,Airbus A320-200,Airbus,140
320,18E,Economy,Airbus A320-200,Airbus,140
320,18F,Economy,Airbus A320-200,Airbus,140
320,19A,Economy,Airbus A320-200,Airbus,140
320,19B,Economy,Airbus A320-200,Airbus,140
320,19C,Economy,Airbus A320-200,Airbus,140
320,19D,Economy,Airbus A320-200,Airbus,140
320,19E,Economy,Airbus A320-200,Airbus,140
320,19F,Economy,Airbus A320-200,Airbus,140
320,20A,Economy,Airbus A320-200,Airbus,140
320,20B,Economy,Airbus A320-200,Airbus,140
320,20C,Economy,Airbus A320-200,Airbus,140
320,20D,Economy,Airbus A320-200,Airbus,140
320,20E,Economy,Airbus A320-200,Airbus,140
320,20F,Economy,Airbus A320-200,Airbus,140
320,21A,Economy,Airbus A320-200,Airbus,140
320,21B,Economy,Airbus A320-200,Airbus,140
320,21C,Economy,Airbus A320-200,Airbus,140
320,21D,Economy,Airbus A320-200,Airbus,140
320,21E,Economy,Airbus A320-200,Airbus,140
320,21F,Economy,Airbus A320-200,Airbus,140
320,22A,Economy,Airbus A320-200,Airbus,140
320,22B,Economy,Airbus A320-200,Airbus,140
320,22C,Economy,Airbus A320-200,Airbus,140
320,22D,Economy,Airbus A320-200,Airbus,140
320,22E,Economy,Airbus A320-200,Airbus,140
320,22F,Economy,Airbus A320-200,Airbus,140
320,23A,Economy,Airbus A320-200,Airbus,140
320,23B,Economy,Airbus A320-200,Airbus,140
320,23C,Economy,Airbus A320-200,Airbus,140
320,23D,Economy,Airbus A320-200,Airbus,140
320,23E,Economy,Airbus A320-200,Airbus,140
320,23F,Economy,Airbus A320-200,Airbus,140
320,24A,Economy,Airbus A320-200,Airbus,140
320,24B,Economy,Airbus A320-200,Airbus,140
320,24C,Economy,Airbus A320-200,Airbus,140
320,24D,Economy,Airbus A320-200,Airbus,140
320,24E,Economy,Airbus A320-200,Airbus,140
320,24F,Economy,Airbus A320-200,Airbus,140
320,25A,Economy,Airbus A320-200,Airbus,140
320,25B,Economy,Airbus A320-200,Airbus,140
320,25C,Economy,Airbus A320-200,Airbus,140
320,25D,Economy,Airbus A320-200,Airbus,140
320,25E,Economy,Airbus A320-200,Airbus,140
320,25F,Economy,Airbus A320-200,Airbus,140
321,1A,Business,Airbus A321-200,Airbus,170
321,1C,Business,Airbus A321-200,Airbus,170
321,1D,Business,Airbus A321-200,Airbus,170
321,1F,Business,Airbus A321-200,Airbus,170
321,2A,Business,Airbus A321-200,Airbus,170
321,2C,Business,Airbus A321-200,Airbus,170
321,2D,Business,Airbus A321-200,Airbus,170
321,2F,Business,Airbus A321-200,Airbus,170
321,3A,Business,Airbus A321-200,Airbus,170
321,3C,Business,Airbus A321-200,Airbus,170
321,3D,Business,Airbus A321-200,Airbus,170
321,3F,Business,Airbus A321-200,Airbus,170
321,4A,Business,Airbus A321-200,Airbus,170
321,4C,Business,Airbus A321-200,Airbus,170
321,4D,Business,Airbus A321-200,Airbus,170
321,4F,Business,Airbus A321-200,Airbus,170
321,5A,Business,Airbus A321-200,Airbus,170
321,5C,Business,Airbus A321-200,Airbus,170
321,5D,Business,Airbus A321-200,Airbus,170
321,5F,Business,Airbus A321-200,Airbus,170
321,6A,Business,Airbus A321-200,Airbus,170
321,6C,Business,Airbus A321-200,Airbus,170
321,6D,Business,Airbus A321-200,Airbus,170
321,6F,Business,Airbus A321-200,Airbus,170
321,7A,Business,Airbus A321-200,Airbus,170
321,7C,Business,Airbus A321-200,Airbus,170
321,7D,Business,Airbus A321-200,Airbus,170
321,7F,Business,Airbus A321-200,Airbus,170
321,8A,Economy,Airbus A321-200,Airbus,170
321,8B,Economy,Airbus A321-200,Airbus,170
321,8C,Economy,Airbus A321-200,Airbus,170
321,8D,Economy,Airbus A321-200,Airbus,170
321,8E,Economy,Airbus A321-200,Airbus,170
321,8F,Economy,Airbus A321-200,Airbus,170
321,9A,Economy,Airbus A321-200,Airbus,170
321,9B,Economy,Airbus A321-200,Airbus,170
321,9C,Economy,Airbus A321-200,Airbus,170
321,9D,Economy,Airbus A321-200,Airbus,170
321,9E,Economy,Airbus A321-200,Airbus,170
321,9F,Economy,Airbus A321-200,Airbus,170
321,10A,Economy,Airbus A321-200,Airbus,170
321,10B,Economy,Airbus A321-200,Airbus,170
321,10C,Economy,Airbus A321-200,Airbus,170
321,10D,Economy,Airbus A321-200,Airbus,170
321,10E,Economy,Airbus A321-200,Airbus,170
321,10F,Economy,Airbus A321-200,Airbus,170
321,11A,Economy,Airbus A321-200,Airbus,170
321,11B,Economy,Airbus A321-200,Airbus,170
321,11C,Economy,Airbus A321-200,Airbus,170
321,11D,Economy,Airbus A321-200,Airbus,170
321,11E,Economy,Airbus A321-200,Airbus,170
321,11F,Economy,Airbus A321-200,Airbus,170
321,12A,Economy,Airbus A321-200,Airbus,170
321,12B,Economy,Airbus A321-200,Airbus,170
321,12C,Economy,Airbus A321-200,Airbus,170
321,12D,Economy,Airbus A321-200,Airbus,170
321,12E,Economy,Airbus A321-200,Airbus,170
321,12F,Economy,Airbus A321-200,Airbus,170
321,13A,Economy,Airbus A321-200,Airbus,170
321,13B,Economy,Airbus A321-200,Airbus,170
321,13C,Economy,Airbus A321-200,Airbus,170
321,13D,Economy,Airbus A321-200,Airbus,170
321,13E,Economy,Airbus A321-200,Airbus,170
321,13F,Economy,Airbus A321-200,Airbus,170
321,14A,Economy,Airbus A321-200,Airbus,170
321,14B,Economy,Airbus A321-200,Airbus,170
321,14C,Economy,Airbus A321-200,Airbus,170
321,14D,Economy,Airbus A321-200,Airbus,170
321,14E,Economy,Airbus A321-200,Airbus,170
321,14F,Economy,Airbus A321-200,Airbus,170
321,15A,Economy,Airbus A321-200,Airbus,170
321,15B,Economy,Airbus A321-200,Airbus,170
321,15C,Economy,Airbus A321-200,Airbus,170
321,15D,Economy,Airbus A321-200,Airbus,170
321,15E,Economy,Airbus A321-200,Airbus,170
321,15F,Economy,Airbus A321-200,Airbus,170
321,16A,Economy,Airbus A321-200,Airbus,170
321,16B,Economy,Airbus A321-200,Airbus,170
321,16C,Economy,Airbus A321-200,Airbus,170
321,16D,Economy,Airbus A321-200,Airbus,170
321,16E,Economy,Airbus A321-200,Airbus,170
321,16F,Economy,Airbus A321-200,Airbus,170
321,17A,Economy,Airbus A321-200,Airbus,170
321,17B,Economy,Airbus A321-200,Airbus,170
321,17C,Economy,Airbus A321-200,Airbus,170
321,17D,Economy,Airbus A321-200,Airbus,170
321,17E,Economy,Airbus A321-200,Airbus,170
321,17F,Economy,Airbus A321-200,Airbus,170
321,18A,Economy,Airbus A321-200,Airbus,170
321,18B,Economy,Airbus A321-200,Airbus,170
321,18C,Economy,Airbus A321-200,Airbus,170
321,18D,Economy,Airbus A321-200,Airbus,170
321,18E,Economy,Airbus A321-200,Airbus,170
321,18F,Economy,Airbus A321-200,Airbus,170
321,19B,Economy,Airbus A321-200,Airbus,170
321,19C,Economy,Airbus A321-200,Airbus,170
321,19D,Economy,Airbus A321-200,Airbus,170
321,19E,Economy,Airbus A321-200,Airbus,170
321,20A,Economy,Airbus A321-200,Airbus,170
321,20B,Economy,Airbus A321-200,Airbus,170
321,20C,Economy,Airbus A321-200,Airbus,170
321,20D,Economy,Airbus A321-200,Airbus,170
321,20E,Economy,Airbus A321-200,Airbus,170
321,20F,Economy,Airbus A321-200,Airbus,170
321,21A,Economy,Airbus A321-200,Airbus,170
321,21B,Economy,Airbus A321-200,Airbus,170
321,21C,Economy,Airbus A321-200,Airbus,170
321,21D,Economy,Airbus A321-200,Airbus,170
321,21E,Economy,Airbus A321-200,Airbus,170
321,21F,Economy,Airbus A321-200,Airbus,170
321,22A,Economy,Airbus A321-200,Airbus,170
321,22B,Economy,Airbus A321-200,Airbus,170
321,22C,Economy,Airbus A321-200,Airbus,170
321,22D,Economy,Airbus A321-200,Airbus,170
321,22E,Economy,Airbus A321-200,Airbus,170
321,22F,Economy,Airbus A321-200,Airbus,170
321,23A,Economy,Airbus A321-200,Airbus,170
321,23B,Economy,Airbus A321-200,Airbus,170
321,23C,Economy,Airbus A321-200,Airbus,170
321,23D,Economy,Airbus A321-200,Airbus,170
321,23E,Economy,Airbus A321-200,Airbus,170
321,23F,Economy,Airbus A321-200,Airbus,170
321,24A,Economy,Airbus A321-200,Airbus,170
321,24B,Economy,Airbus A321-200,Airbus,170
321,24C,Economy,Airbus A321-200,Airbus,170
321,24D,Economy,Airbus A321-200,Airbus,170
321,24E,Economy,Airbus A321-200,Airbus,170
321,24F,Economy,Airbus A321-200,Airbus,170
321,25A,Economy,Airbus A321-200,Airbus,170
321,25B,Economy,Airbus A321-200,Airbus,170
321,25C,Economy,Airbus A321-200,Airbus,170
321,25D,Economy,Airbus A321-200,Airbus,170
321,25E,Economy,Airbus A321-200,Airbus,170
321,25F,Economy,Airbus A321-200,Airbus,170
321,26A,Economy,Airbus A321-200,Airbus,170
321,26B,Economy,Airbus A321-200,Airbus,170
321,26C,Economy,Airbus A321-200,Airbus,170
321,26D,Economy,Airbus A321-200,Airbus,170
321,26E,Economy,Airbus A321-200,Airbus,170
321,26F,Economy,Airbus A321-200,Airbus,170
321,27A,Economy,Airbus A321-200,Airbus,170
321,27B,Economy,Airbus A321-200,Airbus,170
321,27C,Economy,Airbus A321-200,Airbus,170
321,27D,Economy,Airbus A321-200,Airbus,170
321,27E,Economy,Airbus A321-200,Airbus,170
321,27F,Economy,Airbus A321-200,Airbus,170
321,28A,Economy,Airbus A321-200,Airbus,170
321,28B,Economy,Airbus A321-200,Airbus,170
321,28C,Economy,Airbus A321-200,Airbus,170
321,28D,Economy,Airbus A321-200,Airbus,170
321,28E,Economy,Airbus A321-200,Airbus,170
321,28F,Economy,Airbus A321-200,Airbus,170
321,29A,Economy,Airbus A321-200,Airbus,170
321,29B,Economy,Airbus A321-200,Airbus,170
321,29C,Economy,Airbus A321-200,Airbus,170
321,29D,Economy,Airbus A321-200,Airbus,170
321,29E,Economy,Airbus A321-200,Airbus,170
321,29F,Economy,Airbus A321-200,Airbus,170
321,30A,Economy,Airbus A321-200,Airbus,170
321,30B,Economy,Airbus A321-200,Airbus,170
321,30C,Economy,Airbus A321-200,Airbus,170
321,30D,Economy,Airbus A321-200,Airbus,170
321,30E,Economy,Airbus A321-200,Airbus,170
321,30F,Economy,Airbus A321-200,Airbus,170
321,31A,Economy,Airbus A321-200,Airbus,170
321,31B,Economy,Airbus A321-200,Airbus,170
321,31C,Economy,Airbus A321-200,Airbus,170
321,31D,Economy,Airbus A321-200,Airbus,170
321,31E,Economy,Airbus A321-200,Airbus,170
321,31F,Economy,Airbus A321-200,Airbus,170
733,1A,Business,Boeing 737-300,Boeing,130
733,1C,Business,Boeing 737-300,Boeing,130
733,1D,Business,Boeing 737-300,Boeing,130
733,1F,Business,Boeing 737-300,Boeing,130
733,2A,Business,Boeing 737-300,Boeing,130
733,2C,Business,Boeing 737-300,Boeing,130
733,2D,Business,Boeing 737-300,Boeing,130
733,2F,Business,Boeing 737-300,Boeing,130
733,3A,Business,Boeing 737-300,Boeing,130
733,3C,Business,Boeing 737-300,Boeing,130
733,3D,Business,Boeing 737-300,Boeing,130
733,3F,Business,Boeing 737-300,Boeing,130
733,4A,Economy,Boeing 737-300,Boeing,130
733,4B,Economy,Boeing 737-300,Boeing,130
733,4C,Economy,Boeing 737-300,Boeing,130
733,4D,Economy,Boeing 737-300,Boeing,130
733,4E,Economy,Boeing 737-300,Boeing,130
733,4F,Economy,Boeing 737-300,Boeing,130
733,5A,Economy,Boeing 737-300,Boeing,130
733,5B,Economy,Boeing 737-300,Boeing,130
733,5C,Economy,Boeing 737-300,Boeing,130
733,5D,Economy,Boeing 737-300,Boeing,130
733,5E,Economy,Boeing 737-300,Boeing,130
733,5F,Economy,Boeing 737-300,Boeing,130
733,6A,Economy,Boeing 737-300,Boeing,130
733,6B,Economy,Boeing 737-300,Boeing,130
733,6C,Economy,Boeing 737-300,Boeing,130
733,6D,Economy,Boeing 737-300,Boeing,130
733,6E,Economy,Boeing 737-300,Boeing,130
733,6F,Economy,Boeing 737-300,Boeing,130
733,7A,Economy,Boeing 737-300,Boeing,130
733,7B,Economy,Boeing 737-300,Boeing,130
733,7C,Economy,Boeing 737-300,Boeing,130
733,7D,Economy,Boeing 737-300,Boeing,130
733,7E,Economy,Boeing 737-300,Boeing,130
733,7F,Economy,Boeing 737-300,Boeing,130
733,8A,Economy,Boeing 737-300,Boeing,130
733,8B,Economy,Boeing 737-300,Boeing,130
733,8C,Economy,Boeing 737-300,Boeing,130
733,8D,Economy,Boeing 737-300,Boeing,130
733,8E,Economy,Boeing 737-300,Boeing,130
733,8F,Economy,Boeing 737-300,Boeing,130
733,9A,Economy,Boeing 737-300,Boeing,130
733,9B,Economy,Boeing 737-300,Boeing,130
733,9C,Economy,Boeing 737-300,Boeing,130
733,9D,Economy,Boeing 737-300,Boeing,130
733,9E,Economy,Boeing 737-300,Boeing,130
733,9F,Economy,Boeing 737-300,Boeing,130
733,10B,Economy,Boeing 737-300,Boeing,130
733,10C,Economy,Boeing 737-300,Boeing,130
733,10D,Economy,Boeing 737-300,Boeing,130
733,10E,Economy,Boeing 737-300,Boeing,130
733,11A,Economy,Boeing 737-300,Boeing,130
733,11B,Economy,Boeing 737-300,Boeing,130
733,11C,Economy,Boeing 737-300,Boeing,130
733,11D,Economy,Boeing 737-300,Boeing,130
733,11E,Economy,Boeing 737-300,Boeing,130
733,11F,Economy,Boeing 737-300,Boeing,130
733,12A,Economy,Boeing 737-300,Boeing,130
733,12B,Economy,Boeing 737-300,Boeing,130
733,12C,Economy,Boeing 737-300,Boeing,130
733,12D,Economy,Boeing 737-300,Boeing,130
733,12E,Economy,Boeing 737-300,Boeing,130
733,12F,Economy,Boeing 737-300,Boeing,130
733,13A,Economy,Boeing 737-300,Boeing,130
733,13B,Economy,Boeing 737-300,Boeing,130
733,13C,Economy,Boeing 737-300,Boeing,130
733,13D,Economy,Boeing 737-300,Boeing,130
733,13E,Economy,Boeing 737-300,Boeing,130
733,13F,Economy,Boeing 737-300,Boeing,130
733,14A,Economy,Boeing 737-300,Boeing,130
733,14B,Economy,Boeing 737-300,Boeing,130
733,14C,Economy,Boeing 737-300,Boeing,130
733,14D,Economy,Boeing 737-300,Boeing,130
733,14E,Economy,Boeing 737-300,Boeing,130
733,14F,Economy,Boeing 737-300,Boeing,130
733,15A,Economy,Boeing 737-300,Boeing,130
733,15B,Economy,Boeing 737-300,Boeing,130
733,15C,Economy,Boeing 737-300,Boeing,130
733,15D,Economy,Boeing 737-300,Boeing,130
733,15E,Economy,Boeing 737-300,Boeing,130
733,15F,Economy,Boeing 737-300,Boeing,130
733,16A,Economy,Boeing 737-300,Boeing,130
733,16B,Economy,Boeing 737-300,Boeing,130
733,16C,Economy,Boeing 737-300,Boeing,130
733,16D,Economy,Boeing 737-300,Boeing,130
733,16E,Economy,Boeing 737-300,Boeing,130
733,16F,Economy,Boeing 737-300,Boeing,130
733,17A,Economy,Boeing 737-300,Boeing,130
733,17B,Economy,Boeing 737-300,Boeing,130
733,17C,Economy,Boeing 737-300,Boeing,130
733,17D,Economy,Boeing 737-300,Boeing,130
733,17E,Economy,Boeing 737-300,Boeing,130
733,17F,Economy,Boeing 737-300,Boeing,130
733,18A,Economy,Boeing 737-300,Boeing,130
733,18B,Economy,Boeing 737-300,Boeing,130
733,18C,Economy,Boeing 737-300,Boeing,130
733,18D,Economy,Boeing 737-300,Boeing,130
733,18E,Economy,Boeing 737-300,Boeing,130
733,18F,Economy,Boeing 737-300,Boeing,130
733,19A,Economy,Boeing 737-300,Boeing,130
733,19B,Economy,Boeing 737-300,Boeing,130
733,19C,Economy,Boeing 737-300,Boeing,130
733,19D,Economy,Boeing 737-300,Boeing,130
733,19E,Economy,Boeing 737-300,Boeing,130
733,19F,Economy,Boeing 737-300,Boeing,130
733,20A,Economy,Boeing 737-300,Boeing,130
733,20B,Economy,Boeing 737-300,Boeing,130
733,20C,Economy,Boeing 737-300,Boeing,130
733,20D,Economy,Boeing 737-300,Boeing,130
733,20E,Economy,Boeing 737-300,Boeing,130
733,20F,Economy,Boeing 737-300,Boeing,130
733,21A,Economy,Boeing 737-300,Boeing,130
733,21B,Economy,Boeing 737-300,Boeing,130
733,21C,Economy,Boeing 737-300,Boeing,130
733,21D,Economy,Boeing 737-300,Boeing,130
733,21E,Economy,Boeing 737-300,Boeing,130
733,21F,Economy,Boeing 737-300,Boeing,130
733,22A,Economy,Boeing 737-300,Boeing,130
733,22B,Economy,Boeing 737-300,Boeing,130
733,22C,Economy,Boeing 737-300,Boeing,130
733,22D,Economy,Boeing 737-300,Boeing,130
733,22E,Economy,Boeing 737-300,Boeing,130
733,22F,Economy,Boeing 737-300,Boeing,130
733,23A,Economy,Boeing 737-300,Boeing,130
733,23B,Economy,Boeing 737-300,Boeing,130
733,23C,Economy,Boeing 737-300,Boeing,130
733,23D,Economy,Boeing 737-300,Boeing,130
733,23E,Economy,Boeing 737-300,Boeing,130
733,23F,Economy,Boeing 737-300,Boeing,130
763,1A,Business,Boeing 767-300,Boeing,222
763,1B,Business,Boeing 767-300,Boeing,222
763,1C,Business,Boeing 767-300,Boeing,222
763,1F,Business,Boeing 767-300,Boeing,222
763,1G,Business,Boeing 767-300,Boeing,222
763,1H,Business,Boeing 767-300,Boeing,222
763,2A,Business,Boeing 767-300,Boeing,222
763,2B,Business,Boeing 767-300,Boeing,222
763,2C,Business,Boeing 767-300,Boeing,222
763,2F,Business,Boeing 767-300,Boeing,222
763,2G,Business,Boeing 767-300,Boeing,222
763,2H,Business,Boeing 767-300,Boeing,222
763,3A,Business,Boeing 767-300,Boeing,222
763,3B,Business,Boeing 767-300,Boeing,222
763,3C,Business,Boeing 767-300,Boeing,222
763,3F,Business,Boeing 767-300,Boeing,222
763,3G,Business,Boeing 767-300,Boeing,222
763,3H,Business,Boeing 767-300,Boeing,222
763,4A,Business,Boeing 767-300,Boeing,222
763,4B,Business,Boeing 767-300,Boeing,222
763,4C,Business,Boeing 767-300,Boeing,222
763,4F,Business,Boeing 767-300,Boeing,222
763,4G,Business,Boeing 767-300,Boeing,222
763,4H,Business,Boeing 767-300,Boeing,222
763,5A,Business,Boeing 767-300,Boeing,222
763,5B,Business,Boeing 767-300,Boeing,222
763,5C,Business,Boeing 767-300,Boeing,222
763,5F,Business,Boeing 767-300,Boeing,222
763,5G,Business,Boeing 767-300,Boeing,222
763,5H,Business,Boeing 767-300,Boeing,222
763,9A,Economy,Boeing 767-300,Boeing,222
763,9B,Economy,Boeing 767-300,Boeing,222
763,9G,Economy,Boeing 767-300,Boeing,222
763,9H,Economy,Boeing 767-300,Boeing,222
763,11A,Economy,Boeing 767-300,Boeing,222
763,11B,Economy,Boeing 767-300,Boeing,222
763,11D,Economy,Boeing 767-300,Boeing,222
763,11E,Economy,Boeing 767-300,Boeing,222
763,11F,Economy,Boeing 767-300,Boeing,222
763,11G,Economy,Boeing 767-300,Boeing,222
763,11H,Economy,Boeing 767-300,Boeing,222
763,12A,Economy,Boeing 767-300,Boeing,222
763,12B,Economy,Boeing 767-300,Boeing,222
763,12D,Economy,Boeing 767-300,Boeing,222
763,12E,Economy,Boeing 767-300,Boeing,222
763,12F,Economy,Boeing 767-300,Boeing,222
763,12G,Economy,Boeing 767-300,Boeing,222
763,12H,Economy,Boeing 767-300,Boeing,222
763,13A,Economy,Boeing 767-300,Boeing,222
763,13B,Economy,Boeing 767-300,Boeing,222
763,13D,Economy,Boeing 767-300,Boeing,222
763,13E,Economy,Boeing 767-300,Boeing,222
763,13F,Economy,Boeing 767-300,Boeing,222
763,13G,Economy,Boeing 767-300,Boeing,222
763,13H,Economy,Boeing 767-300,Boeing,222
763,14A,Economy,Boeing 767-300,Boeing,222
763,14B,Economy,Boeing 767-300,Boeing,222
763,14D,Economy,Boeing 767-300,Boeing,222
763,14E,Economy,Boeing 767-300,Boeing,222
763,14F,Economy,Boeing 767-300,Boeing,222
763,14G,Economy,Boeing 767-300,Boeing,222
763,14H,Economy,Boeing 767-300,Boeing,222
763,15A,Economy,Boeing 767-300,Boeing,222
763,15B,Economy,Boeing 767-300,Boeing,222
763,15D,Economy,Boeing 767-300,Boeing,222
763,15E,Economy,Boeing 767-300,Boeing,222
763,15F,Economy,Boeing 767-300,Boeing,222
763,15G,Economy,Boeing 767-300,Boeing,222
763,15H,Economy,Boeing 767-300,Boeing,222
763,16A,Economy,Boeing 767-300,Boeing,222
763,16B,Economy,Boeing 767-300,Boeing,222
763,16D,Economy,Boeing 767-300,Boeing,222
763,16E,Economy,Boeing 767-300,Boeing,222
763,16F,Economy,Boeing 767-300,Boeing,222
763,16G,Economy,Boeing 767-300,Boeing,222
763,16H,Economy,Boeing 767-300,Boeing,222
763,17A,Economy,Boeing 767-300,Boeing,222
763,17B,Economy,Boeing 767-300,Boeing,222
763,17D,Economy,Boeing 767-300,Boeing,222
763,17E,Economy,Boeing 767-300,Boeing,222
763,17F,Economy,Boeing 767-300,Boeing,222
763,17G,Economy,Boeing 767-300,Boeing,222
763,17H,Economy,Boeing 767-300,Boeing,222
763,18A,Economy,Boeing 767-300,Boeing,222
763,18B,Economy,Boeing 767-300,Boeing,222
763,18D,Economy,Boeing 767-300,Boeing,222
763,18E,Economy,Boeing 767-300,Boeing,222
763,18F,Economy,Boeing 767-300,Boeing,222
763,18G,Economy,Boeing 767-300,Boeing,222
763,18H,Economy,Boeing 767-300,Boeing,222
763,19A,Economy,Boeing 767-300,Boeing,222
763,19B,Economy,Boeing 767-300,Boeing,222
763,19D,Economy,Boeing 767-300,Boeing,222
763,19E,Economy,Boeing 767-300,Boeing,222
763,19F,Economy,Boeing 767-300,Boeing,222
763,19G,Economy,Boeing 767-300,Boeing,222
763,19H,Economy,Boeing 767-300,Boeing,222
763,20A,Economy,Boeing 767-300,Boeing,222
763,20B,Economy,Boeing 767-300,Boeing,222
763,20D,Economy,Boeing 767-300,Boeing,222
763,20E,Economy,Boeing 767-300,Boeing,222
763,20F,Economy,Boeing 767-300,Boeing,222
763,20G,Economy,Boeing 767-300,Boeing,222
763,20H,Economy,Boeing 767-300,Boeing,222
763,21A,Economy,Boeing 767-300,Boeing,222
763,21B,Economy,Boeing 767-300,Boeing,222
763,21D,Economy,Boeing 767-300,Boeing,222
763,21E,Economy,Boeing 767-300,Boeing,222
763,21F,Economy,Boeing 767-300,Boeing,222
763,21G,Economy,Boeing 767-300,Boeing,222
763,21H,Economy,Boeing 767-300,Boeing,222
763,22A,Economy,Boeing 767-300,Boeing,222
763,22B,Economy,Boeing 767-300,Boeing,222
763,22D,Economy,Boeing 767-300,Boeing,222
763,22E,Economy,Boeing 767-300,Boeing,222
763,22F,Economy,Boeing 767-300,Boeing,222
763,22G,Economy,Boeing 767-300,Boeing,222
763,22H,Economy,Boeing 767-300,Boeing,222
763,23A,Economy,Boeing 767-300,Boeing,222
763,23B,Economy,Boeing 767-300,Boeing,222
763,23D,Economy,Boeing 767-300,Boeing,222
763,23E,Economy,Boeing 767-300,Boeing,222
763,23F,Economy,Boeing 767-300,Boeing,222
763,23G,Economy,Boeing 767-300,Boeing,222
763,23H,Economy,Boeing 767-300,Boeing,222
763,24A,Economy,Boeing 767-300,Boeing,222
763,24B,Economy,Boeing 767-300,Boeing,222
763,24D,Economy,Boeing 767-300,Boeing,222
763,24E,Economy,Boeing 767-300,Boeing,222
763,24F,Economy,Boeing 767-300,Boeing,222
763,24G,Economy,Boeing 767-300,Boeing,222
763,24H,Economy,Boeing 767-300,Boeing,222
763,25D,Economy,Boeing 767-300,Boeing,222
763,25E,Economy,Boeing 767-300,Boeing,222
763,25F,Economy,Boeing 767-300,Boeing,222
763,27A,Economy,Boeing 767-300,Boeing,222
763,27B,Economy,Boeing 767-300,Boeing,222
763,27D,Economy,Boeing 767-300,Boeing,222
763,27E,Economy,Boeing 767-300,Boeing,222
763,27F,Economy,Boeing 767-300,Boeing,222
763,27G,Economy,Boeing 767-300,Boeing,222
763,27H,Economy,Boeing 767-300,Boeing,222
763,28A,Economy,Boeing 767-300,Boeing,222
763,28B,Economy,Boeing 767-300,Boeing,222
763,28D,Economy,Boeing 767-300,Boeing,222
763,28E,Economy,Boeing 767-300,Boeing,222
763,28F,Economy,Boeing 767-300,Boeing,222
763,28G,Economy,Boeing 767-300,Boeing,222
763,28H,Economy,Boeing 767-300,Boeing,222
763,29A,Economy,Boeing 767-300,Boeing,222
763,29B,Economy,Boeing 767-300,Boeing,222
763,29D,Economy,Boeing 767-300,Boeing,222
763,29E,Economy,Boeing 767-300,Boeing,222
763,29F,Economy,Boeing 767-300,Boeing,222
763,29G,Economy,Boeing 767-300,Boeing,222
763,29H,Economy,Boeing 767-300,Boeing,222
763,30A,Economy,Boeing 767-300,Boeing,222
763,30B,Economy,Boeing 767-300,Boeing,222
763,30D,Economy,Boeing 767-300,Boeing,222
763,30E,Economy,Boeing 767-300,Boeing,222
763,30F,Economy,Boeing 767-300,Boeing,222
763,30G,Economy,Boeing 767-300,Boeing,222
763,30H,Economy,Boeing 767-300,Boeing,222
763,31A,Economy,Boeing 767-300,Boeing,222
763,31B,Economy,Boeing 767-300,Boeing,222
763,31D,Economy,Boeing 767-300,Boeing,222
763,31E,Economy,Boeing 767-300,Boeing,222
763,31F,Economy,Boeing 767-300,Boeing,222
763,31G,Economy,Boeing 767-300,Boeing,222
763,31H,Economy,Boeing 767-300,Boeing,222
763,32A,Economy,Boeing 767-300,Boeing,222
763,32B,Economy,Boeing 767-300,Boeing,222
763,32D,Economy,Boeing 767-300,Boeing,222
763,32E,Economy,Boeing 767-300,Boeing,222
763,32F,Economy,Boeing 767-300,Boeing,222
763,32G,Economy,Boeing 767-300,Boeing,222
763,32H,Economy,Boeing 767-300,Boeing,222
763,33A,Economy,Boeing 767-300,Boeing,222
763,33B,Economy,Boeing 767-300,Boeing,222
763,33D,Economy,Boeing 767-300,Boeing,222
763,33E,Economy,Boeing 767-300,Boeing,222
763,33F,Economy,Boeing 767-300,Boeing,222
763,33G,Economy,Boeing 767-300,Boeing,222
763,33H,Economy,Boeing 767-300,Boeing,222
763,34A,Economy,Boeing 767-300,Boeing,222
763,34B,Economy,Boeing 767-300,Boeing,222
763,34D,Economy,Boeing 767-300,Boeing,222
763,34E,Economy,Boeing 767-300,Boeing,222
763,34F,Economy,Boeing 767-300,Boeing,222
763,34G,Economy,Boeing 767-300,Boeing,222
763,34H,Economy,Boeing 767-300,Boeing,222
763,35A,Economy,Boeing 767-300,Boeing,222
763,35B,Economy,Boeing 767-300,Boeing,222
763,35D,Economy,Boeing 767-300,Boeing,222
763,35E,Economy,Boeing 767-300,Boeing,222
763,35F,Economy,Boeing 767-300,Boeing,222
763,35G,Economy,Boeing 767-300,Boeing,222
763,35H,Economy,Boeing 767-300,Boeing,222
763,36A,Economy,Boeing 767-300,Boeing,222
763,36B,Economy,Boeing 767-300,Boeing,222
763,36D,Economy,Boeing 767-300,Boeing,222
763,36E,Economy,Boeing 767-300,Boeing,222
763,36F,Economy,Boeing 767-300,Boeing,222
763,36G,Economy,Boeing 767-300,Boeing,222
763,36H,Economy,Boeing 767-300,Boeing,222
763,37A,Economy,Boeing 767-300,Boeing,222
763,37B,Economy,Boeing 767-300,Boeing,222
763,37D,Economy,Boeing 767-300,Boeing,222
763,37E,Economy,Boeing 767-300,Boeing,222
763,37F,Economy,Boeing 767-300,Boeing,222
763,37G,Economy,Boeing 767-300,Boeing,222
763,37H,Economy,Boeing 767-300,Boeing,222
763,38A,Economy,Boeing 767-300,Boeing,222
763,38B,Economy,Boeing 767-300,Boeing,222
763,38D,Economy,Boeing 767-300,Boeing,222
763,38E,Economy,Boeing 767-300,Boeing,222
763,38F,Economy,Boeing 767-300,Boeing,222
763,38G,Economy,Boeing 767-300,Boeing,222
763,38H,Economy,Boeing 767-300,Boeing,222
763,39D,Economy,Boeing 767-300,Boeing,222
763,39E,Economy,Boeing 767-300,Boeing,222
763,39F,Economy,Boeing 767-300,Boeing,222
773,1A,Business,Boeing 777-300,Boeing,402
773,1C,Business,Boeing 777-300,Boeing,402
773,1D,Business,Boeing 777-300,Boeing,402
773,1G,Business,Boeing 777-300,Boeing,402
773,1H,Business,Boeing 777-300,Boeing,402
773,1K,Business,Boeing 777-300,Boeing,402
773,2A,Business,Boeing 777-300,Boeing,402
773,2C,Business,Boeing 777-300,Boeing,402
773,2D,Business,Boeing 777-300,Boeing,402
773,2G,Business,Boeing 777-300,Boeing,402
773,2H,Business,Boeing 777-300,Boeing,402
773,2K,Business,Boeing 777-300,Boeing,402
773,4A,Business,Boeing 777-300,Boeing,402
773,4C,Business,Boeing 777-300,Boeing,402
773,4D,Business,Boeing 777-300,Boeing,402
773,4G,Business,Boeing 777-300,Boeing,402
773,4H,Business,Boeing 777-300,Boeing,402
773,4K,Business,Boeing 777-300,Boeing,402
773,5A,Business,Boeing 777-300,Boeing,402
773,5C,Business,Boeing 777-300,Boeing,402
773,5D,Business,Boeing 777-300,Boeing,402
773,5G,Business,Boeing 777-300,Boeing,402
773,5H,Business,Boeing 777-300,Boeing,402
773,5K,Business,Boeing 777-300,Boeing,402
773,11A,Comfort,Boeing 777-300,Boeing,402
773,11C,Comfort,Boeing 777-300,Boeing,402
773,11D,Comfort,Boeing 777-300,Boeing,402
773,11E,Comfort,Boeing 777-300,Boeing,402
773,11F,Comfort,Boeing 777-300,Boeing,402
773,11G,Comfort,Boeing 777-300,Boeing,402
773,11H,Comfort,Boeing 777-300,Boeing,402
773,11K,Comfort,Boeing 777-300,Boeing,402
773,12A,Comfort,Boeing 777-300,Boeing,402
773,12C,Comfort,Boeing 777-300,Boeing,402
773,12D,Comfort,Boeing 777-300,Boeing,402
773,12E,Comfort,Boeing 777-300,Boeing,402
773,12F,Comfort,Boeing 777-300,Boeing,402
773,12G,Comfort,Boeing 777-300,Boeing,402
773,12H,Comfort,Boeing 777-300,Boeing,402
773,12K,Comfort,Boeing 777-300,Boeing,402
773,13A,Comfort,Boeing 777-300,Boeing,402
773,13C,Comfort,Boeing 777-300,Boeing,402
773,13D,Comfort,Boeing 777-300,Boeing,402
773,13E,Comfort,Boeing 777-300,Boeing,402
773,13F,Comfort,Boeing 777-300,Boeing,402
773,13G,Comfort,Boeing 777-300,Boeing,402
773,13H,Comfort,Boeing 777-300,Boeing,402
773,13K,Comfort,Boeing 777-300,Boeing,402
773,14A,Comfort,Boeing 777-300,Boeing,402
773,14C,Comfort,Boeing 777-300,Boeing,402
773,14D,Comfort,Boeing 777-300,Boeing,402
773,14E,Comfort,Boeing 777-300,Boeing,402
773,14F,Comfort,Boeing 777-300,Boeing,402
773,14G,Comfort,Boeing 777-300,Boeing,402
773,14H,Comfort,Boeing 777-300,Boeing,402
773,14K,Comfort,Boeing 777-300,Boeing,402
773,15A,Comfort,Boeing 777-300,Boeing,402
773,15C,Comfort,Boeing 777-300,Boeing,402
773,15D,Comfort,Boeing 777-300,Boeing,402
773,15E,Comfort,Boeing 777-300,Boeing,402
773,15F,Comfort,Boeing 777-300,Boeing,402
773,15G,Comfort,Boeing 777-300,Boeing,402
773,15H,Comfort,Boeing 777-300,Boeing,402
773,15K,Comfort,Boeing 777-300,Boeing,402
773,16A,Comfort,Boeing 777-300,Boeing,402
773,16C,Comfort,Boeing 777-300,Boeing,402
773,16D,Comfort,Boeing 777-300,Boeing,402
773,16E,Comfort,Boeing 777-300,Boeing,402
773,16F,Comfort,Boeing 777-300,Boeing,402
773,16G,Comfort,Boeing 777-300,Boeing,402
773,16H,Comfort,Boeing 777-300,Boeing,402
773,16K,Comfort,Boeing 777-300,Boeing,402
773,17A,Economy,Boeing 777-300,Boeing,402
773,17C,Economy,Boeing 777-300,Boeing,402
773,17D,Economy,Boeing 777-300,Boeing,402
773,17E,Economy,Boeing 777-300,Boeing,402
773,17F,Economy,Boeing 777-300,Boeing,402
773,17G,Economy,Boeing 777-300,Boeing,402
773,17H,Economy,Boeing 777-300,Boeing,402
773,17K,Economy,Boeing 777-300,Boeing,402
773,18A,Economy,Boeing 777-300,Boeing,402
773,18B,Economy,Boeing 777-300,Boeing,402
773,18C,Economy,Boeing 777-300,Boeing,402
773,18D,Economy,Boeing 777-300,Boeing,402
773,18E,Economy,Boeing 777-300,Boeing,402
773,18F,Economy,Boeing 777-300,Boeing,402
773,18G,Economy,Boeing 777-300,Boeing,402
773,18H,Economy,Boeing 777-300,Boeing,402
773,18J,Economy,Boeing 777-300,Boeing,402
773,18K,Economy,Boeing 777-300,Boeing,402
773,19A,Economy,Boeing 777-300,Boeing,402
773,19B,Economy,Boeing 777-300,Boeing,402
773,19C,Economy,Boeing 777-300,Boeing,402
773,19D,Economy,Boeing 777-300,Boeing,402
773,19E,Economy,Boeing 777-300,Boeing,402
773,19F,Economy,Boeing 777-300,Boeing,402
773,19G,Economy,Boeing 777-300,Boeing,402
773,19H,Economy,Boeing 777-300,Boeing,402
773,19J,Economy,Boeing 777-300,Boeing,402
773,3A,Business,Boeing 777-300,Boeing,402
773,3C,Business,Boeing 777-300,Boeing,402
773,3D,Business,Boeing 777-300,Boeing,402
773,3G,Business,Boeing 777-300,Boeing,402
773,3H,Business,Boeing 777-300,Boeing,402
773,3K,Business,Boeing 777-300,Boeing,402
773,19K,Economy,Boeing 777-300,Boeing,402
773,20A,Economy,Boeing 777-300,Boeing,402
773,20B,Economy,Boeing 777-300,Boeing,402
773,20C,Economy,Boeing 777-300,Boeing,402
773,20D,Economy,Boeing 777-300,Boeing,402
773,20E,Economy,Boeing 777-300,Boeing,402
773,20F,Economy,Boeing 777-300,Boeing,402
773,20G,Economy,Boeing 777-300,Boeing,402
773,20H,Economy,Boeing 777-300,Boeing,402
773,20J,Economy,Boeing 777-300,Boeing,402
773,20K,Economy,Boeing 777-300,Boeing,402
773,21A,Economy,Boeing 777-300,Boeing,402
773,21B,Economy,Boeing 777-300,Boeing,402
773,21C,Economy,Boeing 777-300,Boeing,402
773,21D,Economy,Boeing 777-300,Boeing,402
773,21E,Economy,Boeing 777-300,Boeing,402
773,21F,Economy,Boeing 777-300,Boeing,402
773,21G,Economy,Boeing 777-300,Boeing,402
773,21H,Economy,Boeing 777-300,Boeing,402
773,21J,Economy,Boeing 777-300,Boeing,402
773,21K,Economy,Boeing 777-300,Boeing,402
773,22A,Economy,Boeing 777-300,Boeing,402
773,22B,Economy,Boeing 777-300,Boeing,402
773,22C,Economy,Boeing 777-300,Boeing,402
773,22D,Economy,Boeing 777-300,Boeing,402
773,22E,Economy,Boeing 777-300,Boeing,402
773,22F,Economy,Boeing 777-300,Boeing,402
773,22G,Economy,Boeing 777-300,Boeing,402
773,22H,Economy,Boeing 777-300,Boeing,402
773,22J,Economy,Boeing 777-300,Boeing,402
773,22K,Economy,Boeing 777-300,Boeing,402
773,23A,Economy,Boeing 777-300,Boeing,402
773,23B,Economy,Boeing 777-300,Boeing,402
773,23C,Economy,Boeing 777-300,Boeing,402
773,23D,Economy,Boeing 777-300,Boeing,402
773,23E,Economy,Boeing 777-300,Boeing,402
773,23F,Economy,Boeing 777-300,Boeing,402
773,23G,Economy,Boeing 777-300,Boeing,402
773,23H,Economy,Boeing 777-300,Boeing,402
773,23J,Economy,Boeing 777-300,Boeing,402
773,23K,Economy,Boeing 777-300,Boeing,402
773,24D,Economy,Boeing 777-300,Boeing,402
773,24E,Economy,Boeing 777-300,Boeing,402
773,24F,Economy,Boeing 777-300,Boeing,402
773,24G,Economy,Boeing 777-300,Boeing,402
773,25A,Economy,Boeing 777-300,Boeing,402
773,25B,Economy,Boeing 777-300,Boeing,402
773,25C,Economy,Boeing 777-300,Boeing,402
773,25D,Economy,Boeing 777-300,Boeing,402
773,25E,Economy,Boeing 777-300,Boeing,402
773,25F,Economy,Boeing 777-300,Boeing,402
773,25G,Economy,Boeing 777-300,Boeing,402
773,25H,Economy,Boeing 777-300,Boeing,402
773,25J,Economy,Boeing 777-300,Boeing,402
773,25K,Economy,Boeing 777-300,Boeing,402
773,26A,Economy,Boeing 777-300,Boeing,402
773,26B,Economy,Boeing 777-300,Boeing,402
773,26C,Economy,Boeing 777-300,Boeing,402
773,26D,Economy,Boeing 777-300,Boeing,402
773,26E,Economy,Boeing 777-300,Boeing,402
773,26F,Economy,Boeing 777-300,Boeing,402
773,26G,Economy,Boeing 777-300,Boeing,402
773,26H,Economy,Boeing 777-300,Boeing,402
773,26J,Economy,Boeing 777-300,Boeing,402
773,26K,Economy,Boeing 777-300,Boeing,402
773,27A,Economy,Boeing 777-300,Boeing,402
773,27B,Economy,Boeing 777-300,Boeing,402
773,27C,Economy,Boeing 777-300,Boeing,402
773,27D,Economy,Boeing 777-300,Boeing,402
773,27E,Economy,Boeing 777-300,Boeing,402
773,27F,Economy,Boeing 777-300,Boeing,402
773,27G,Economy,Boeing 777-300,Boeing,402
773,27H,Economy,Boeing 777-300,Boeing,402
773,27J,Economy,Boeing 777-300,Boeing,402
773,27K,Economy,Boeing 777-300,Boeing,402
773,28A,Economy,Boeing 777-300,Boeing,402
773,28B,Economy,Boeing 777-300,Boeing,402
773,28C,Economy,Boeing 777-300,Boeing,402
773,28D,Economy,Boeing 777-300,Boeing,402
773,28E,Economy,Boeing 777-300,Boeing,402
773,28F,Economy,Boeing 777-300,Boeing,402
773,28G,Economy,Boeing 777-300,Boeing,402
773,28H,Economy,Boeing 777-300,Boeing,402
773,28J,Economy,Boeing 777-300,Boeing,402
773,28K,Economy,Boeing 777-300,Boeing,402
773,29A,Economy,Boeing 777-300,Boeing,402
773,29B,Economy,Boeing 777-300,Boeing,402
773,29C,Economy,Boeing 777-300,Boeing,402
773,29D,Economy,Boeing 777-300,Boeing,402
773,29E,Economy,Boeing 777-300,Boeing,402
773,29F,Economy,Boeing 777-300,Boeing,402
773,29G,Economy,Boeing 777-300,Boeing,402
773,29H,Economy,Boeing 777-300,Boeing,402
773,29J,Economy,Boeing 777-300,Boeing,402
773,29K,Economy,Boeing 777-300,Boeing,402
773,30A,Economy,Boeing 777-300,Boeing,402
773,30B,Economy,Boeing 777-300,Boeing,402
773,30C,Economy,Boeing 777-300,Boeing,402
773,30D,Economy,Boeing 777-300,Boeing,402
773,30E,Economy,Boeing 777-300,Boeing,402
773,30F,Economy,Boeing 777-300,Boeing,402
773,30G,Economy,Boeing 777-300,Boeing,402
773,30H,Economy,Boeing 777-300,Boeing,402
773,30J,Economy,Boeing 777-300,Boeing,402
773,30K,Economy,Boeing 777-300,Boeing,402
773,31A,Economy,Boeing 777-300,Boeing,402
773,31B,Economy,Boeing 777-300,Boeing,402
773,31C,Economy,Boeing 777-300,Boeing,402
773,31D,Economy,Boeing 777-300,Boeing,402
773,31E,Economy,Boeing 777-300,Boeing,402
773,31F,Economy,Boeing 777-300,Boeing,402
773,31G,Economy,Boeing 777-300,Boeing,402
773,31H,Economy,Boeing 777-300,Boeing,402
773,31J,Economy,Boeing 777-300,Boeing,402
773,31K,Economy,Boeing 777-300,Boeing,402
773,32A,Economy,Boeing 777-300,Boeing,402
773,32B,Economy,Boeing 777-300,Boeing,402
773,32C,Economy,Boeing 777-300,Boeing,402
773,32D,Economy,Boeing 777-300,Boeing,402
773,32E,Economy,Boeing 777-300,Boeing,402
773,32F,Economy,Boeing 777-300,Boeing,402
773,32G,Economy,Boeing 777-300,Boeing,402
773,32H,Economy,Boeing 777-300,Boeing,402
773,32J,Economy,Boeing 777-300,Boeing,402
773,32K,Economy,Boeing 777-300,Boeing,402
773,33A,Economy,Boeing 777-300,Boeing,402
773,33B,Economy,Boeing 777-300,Boeing,402
773,33C,Economy,Boeing 777-300,Boeing,402
773,33D,Economy,Boeing 777-300,Boeing,402
773,33E,Economy,Boeing 777-300,Boeing,402
773,33F,Economy,Boeing 777-300,Boeing,402
773,33G,Economy,Boeing 777-300,Boeing,402
773,33H,Economy,Boeing 777-300,Boeing,402
773,33J,Economy,Boeing 777-300,Boeing,402
773,33K,Economy,Boeing 777-300,Boeing,402
773,34A,Economy,Boeing 777-300,Boeing,402
773,34B,Economy,Boeing 777-300,Boeing,402
773,34C,Economy,Boeing 777-300,Boeing,402
773,34D,Economy,Boeing 777-300,Boeing,402
773,34E,Economy,Boeing 777-300,Boeing,402
773,34F,Economy,Boeing 777-300,Boeing,402
773,34G,Economy,Boeing 777-300,Boeing,402
773,34H,Economy,Boeing 777-300,Boeing,402
773,34J,Economy,Boeing 777-300,Boeing,402
773,34K,Economy,Boeing 777-300,Boeing,402
773,35A,Economy,Boeing 777-300,Boeing,402
773,35B,Economy,Boeing 777-300,Boeing,402
773,35C,Economy,Boeing 777-300,Boeing,402
773,35D,Economy,Boeing 777-300,Boeing,402
773,35E,Economy,Boeing 777-300,Boeing,402
773,35F,Economy,Boeing 777-300,Boeing,402
773,35G,Economy,Boeing 777-300,Boeing,402
773,35H,Economy,Boeing 777-300,Boeing,402
773,35J,Economy,Boeing 777-300,Boeing,402
773,35K,Economy,Boeing 777-300,Boeing,402
773,36A,Economy,Boeing 777-300,Boeing,402
773,36B,Economy,Boeing 777-300,Boeing,402
773,36C,Economy,Boeing 777-300,Boeing,402
773,36D,Economy,Boeing 777-300,Boeing,402
773,36E,Economy,Boeing 777-300,Boeing,402
773,36F,Economy,Boeing 777-300,Boeing,402
773,36G,Economy,Boeing 777-300,Boeing,402
773,36H,Economy,Boeing 777-300,Boeing,402
773,36J,Economy,Boeing 777-300,Boeing,402
773,36K,Economy,Boeing 777-300,Boeing,402
773,37A,Economy,Boeing 777-300,Boeing,402
773,37B,Economy,Boeing 777-300,Boeing,402
773,37C,Economy,Boeing 777-300,Boeing,402
773,37D,Economy,Boeing 777-300,Boeing,402
773,37E,Economy,Boeing 777-300,Boeing,402
773,37F,Economy,Boeing 777-300,Boeing,402
773,37G,Economy,Boeing 777-300,Boeing,402
773,37H,Economy,Boeing 777-300,Boeing,402
773,37J,Economy,Boeing 777-300,Boeing,402
773,37K,Economy,Boeing 777-300,Boeing,402
773,38A,Economy,Boeing 777-300,Boeing,402
773,38B,Economy,Boeing 777-300,Boeing,402
773,38C,Economy,Boeing 777-300,Boeing,402
773,38H,Economy,Boeing 777-300,Boeing,402
773,38J,Economy,Boeing 777-300,Boeing,402
773,38K,Economy,Boeing 777-300,Boeing,402
773,39A,Economy,Boeing 777-300,Boeing,402
773,39B,Economy,Boeing 777-300,Boeing,402
773,39C,Economy,Boeing 777-300,Boeing,402
773,39D,Economy,Boeing 777-300,Boeing,402
773,39E,Economy,Boeing 777-300,Boeing,402
773,39F,Economy,Boeing 777-300,Boeing,402
773,39G,Economy,Boeing 777-300,Boeing,402
773,39H,Economy,Boeing 777-300,Boeing,402
773,39J,Economy,Boeing 777-300,Boeing,402
773,39K,Economy,Boeing 777-300,Boeing,402
773,40A,Economy,Boeing 777-300,Boeing,402
773,40B,Economy,Boeing 777-300,Boeing,402
773,40C,Economy,Boeing 777-300,Boeing,402
773,40D,Economy,Boeing 777-300,Boeing,402
773,40E,Economy,Boeing 777-300,Boeing,402
773,40F,Economy,Boeing 777-300,Boeing,402
773,40G,Economy,Boeing 777-300,Boeing,402
773,40H,Economy,Boeing 777-300,Boeing,402
773,40J,Economy,Boeing 777-300,Boeing,402
773,40K,Economy,Boeing 777-300,Boeing,402
773,41A,Economy,Boeing 777-300,Boeing,402
773,41B,Economy,Boeing 777-300,Boeing,402
773,41C,Economy,Boeing 777-300,Boeing,402
773,41D,Economy,Boeing 777-300,Boeing,402
773,41E,Economy,Boeing 777-300,Boeing,402
773,41F,Economy,Boeing 777-300,Boeing,402
773,41G,Economy,Boeing 777-300,Boeing,402
773,41H,Economy,Boeing 777-300,Boeing,402
773,41J,Economy,Boeing 777-300,Boeing,402
773,41K,Economy,Boeing 777-300,Boeing,402
773,42A,Economy,Boeing 777-300,Boeing,402
773,42B,Economy,Boeing 777-300,Boeing,402
773,42C,Economy,Boeing 777-300,Boeing,402
773,42D,Economy,Boeing 777-300,Boeing,402
773,42E,Economy,Boeing 777-300,Boeing,402
773,42F,Economy,Boeing 777-300,Boeing,402
773,42G,Economy,Boeing 777-300,Boeing,402
773,42H,Economy,Boeing 777-300,Boeing,402
773,42J,Economy,Boeing 777-300,Boeing,402
773,42K,Economy,Boeing 777-300,Boeing,402
773,43A,Economy,Boeing 777-300,Boeing,402
773,43B,Economy,Boeing 777-300,Boeing,402
773,43C,Economy,Boeing 777-300,Boeing,402
773,43D,Economy,Boeing 777-300,Boeing,402
773,43E,Economy,Boeing 777-300,Boeing,402
773,43F,Economy,Boeing 777-300,Boeing,402
773,43G,Economy,Boeing 777-300,Boeing,402
773,43H,Economy,Boeing 777-300,Boeing,402
773,43J,Economy,Boeing 777-300,Boeing,402
773,43K,Economy,Boeing 777-300,Boeing,402
773,44A,Economy,Boeing 777-300,Boeing,402
773,44B,Economy,Boeing 777-300,Boeing,402
773,44C,Economy,Boeing 777-300,Boeing,402
773,44D,Economy,Boeing 777-300,Boeing,402
773,44E,Economy,Boeing 777-300,Boeing,402
773,44F,Economy,Boeing 777-300,Boeing,402
773,44G,Economy,Boeing 777-300,Boeing,402
773,44H,Economy,Boeing 777-300,Boeing,402
773,44J,Economy,Boeing 777-300,Boeing,402
773,44K,Economy,Boeing 777-300,Boeing,402
773,45A,Economy,Boeing 777-300,Boeing,402
773,45B,Economy,Boeing 777-300,Boeing,402
773,45C,Economy,Boeing 777-300,Boeing,402
773,45D,Economy,Boeing 777-300,Boeing,402
773,45E,Economy,Boeing 777-300,Boeing,402
773,45F,Economy,Boeing 777-300,Boeing,402
773,45G,Economy,Boeing 777-300,Boeing,402
773,45H,Economy,Boeing 777-300,Boeing,402
773,45J,Economy,Boeing 777-300,Boeing,402
773,45K,Economy,Boeing 777-300,Boeing,402
773,46A,Economy,Boeing 777-300,Boeing,402
773,46B,Economy,Boeing 777-300,Boeing,402
773,46C,Economy,Boeing 777-300,Boeing,402
773,46D,Economy,Boeing 777-300,Boeing,402
773,46E,Economy,Boeing 777-300,Boeing,402
773,46F,Economy,Boeing 777-300,Boeing,402
773,46G,Economy,Boeing 777-300,Boeing,402
773,46H,Economy,Boeing 777-300,Boeing,402
773,46J,Economy,Boeing 777-300,Boeing,402
773,46K,Economy,Boeing 777-300,Boeing,402
773,47A,Economy,Boeing 777-300,Boeing,402
773,47C,Economy,Boeing 777-300,Boeing,402
773,47D,Economy,Boeing 777-300,Boeing,402
773,47E,Economy,Boeing 777-300,Boeing,402
773,49E,Economy,Boeing 777-300,Boeing,402
773,49F,Economy,Boeing 777-300,Boeing,402
773,49G,Economy,Boeing 777-300,Boeing,402
773,49H,Economy,Boeing 777-300,Boeing,402
773,49K,Economy,Boeing 777-300,Boeing,402
773,50A,Economy,Boeing 777-300,Boeing,402
773,50C,Economy,Boeing 777-300,Boeing,402
773,50D,Economy,Boeing 777-300,Boeing,402
773,50E,Economy,Boeing 777-300,Boeing,402
773,50F,Economy,Boeing 777-300,Boeing,402
773,50G,Economy,Boeing 777-300,Boeing,402
773,50H,Economy,Boeing 777-300,Boeing,402
773,50K,Economy,Boeing 777-300,Boeing,402
773,51D,Economy,Boeing 777-300,Boeing,402
773,51E,Economy,Boeing 777-300,Boeing,402
773,51F,Economy,Boeing 777-300,Boeing,402
773,51G,Economy,Boeing 777-300,Boeing,402
CN1,1A,Economy,Cessna 208 Caravan,Cessna,12
CN1,1B,Economy,Cessna 208 Caravan,Cessna,12
CN1,2A,Economy,Cessna 208 Caravan,Cessna,12
CN1,2B,Economy,Cessna 208 Caravan,Cessna,12
CN1,3A,Economy,Cessna 208 Caravan,Cessna,12
CN1,3B,Economy,Cessna 208 Caravan,Cessna,12
CN1,4A,Economy,Cessna 208 Caravan,Cessna,12
CN1,4B,Economy,Cessna 208 Caravan,Cessna,12
CN1,5A,Economy,Cessna 208 Caravan,Cessna,12
CN1,5B,Economy,Cessna 208 Caravan,Cessna,12
CN1,6A,Economy,Cessna 208 Caravan,Cessna,12
CN1,6B,Economy,Cessna 208 Caravan,Cessna,12
CR2,1A,Economy,Bombardier CRJ-200,Bombardier,50
CR2,1B,Economy,Bombardier CRJ-200,Bombardier,50
CR2,1C,Economy,Bombardier CRJ-200,Bombardier,50
CR2,1D,Economy,Bombardier CRJ-200,Bombardier,50
CR2,2A,Economy,Bombardier CRJ-200,Bombardier,50
CR2,2B,Economy,Bombardier CRJ-200,Bombardier,50
CR2,2C,Economy,Bombardier CRJ-200,Bombardier,50
CR2,2D,Economy,Bombardier CRJ-200,Bombardier,50
CR2,3A,Economy,Bombardier CRJ-200,Bombardier,50
CR2,3B,Economy,Bombardier CRJ-200,Bombardier,50
CR2,3C,Economy,Bombardier CRJ-200,Bombardier,50
CR2,3D,Economy,Bombardier CRJ-200,Bombardier,50
CR2,4A,Economy,Bombardier CRJ-200,Bombardier,50
CR2,4B,Economy,Bombardier CRJ-200,Bombardier,50
CR2,4C,Economy,Bombardier CRJ-200,Bombardier,50
CR2,4D,Economy,Bombardier CRJ-200,Bombardier,50
CR2,5A,Economy,Bombardier CRJ-200,Bombardier,50
CR2,5B,Economy,Bombardier CRJ-200,Bombardier,50
CR2,5C,Economy,Bombardier CRJ-200,Bombardier,50
CR2,5D,Economy,Bombardier CRJ-200,Bombardier,50
CR2,6A,Economy,Bombardier CRJ-200,Bombardier,50
CR2,6B,Economy,Bombardier CRJ-200,Bombardier,50
CR2,6C,Economy,Bombardier CRJ-200,Bombardier,50
CR2,6D,Economy,Bombardier CRJ-200,Bombardier,50
CR2,7A,Economy,Bombardier CRJ-200,Bombardier,50
CR2,7B,Economy,Bombardier CRJ-200,Bombardier,50
CR2,7C,Economy,Bombardier CRJ-200,Bombardier,50
CR2,7D,Economy,Bombardier CRJ-200,Bombardier,50
CR2,18A,Economy,Bombardier CRJ-200,Bombardier,50
CR2,18B,Economy,Bombardier CRJ-200,Bombardier,50
CR2,18C,Economy,Bombardier CRJ-200,Bombardier,50
CR2,18D,Economy,Bombardier CRJ-200,Bombardier,50
CR2,19A,Economy,Bombardier CRJ-200,Bombardier,50
CR2,19B,Economy,Bombardier CRJ-200,Bombardier,50
CR2,19C,Economy,Bombardier CRJ-200,Bombardier,50
CR2,19D,Economy,Bombardier CRJ-200,Bombardier,50
CR2,20A,Economy,Bombardier CRJ-200,Bombardier,50
CR2,20B,Economy,Bombardier CRJ-200,Bombardier,50
CR2,20C,Economy,Bombardier CRJ-200,Bombardier,50
CR2,20D,Economy,Bombardier CRJ-200,Bombardier,50
CR2,21A,Economy,Bombardier CRJ-200,Bombardier,50
CR2,21B,Economy,Bombardier CRJ-200,Bombardier,50
CR2,21C,Economy,Bombardier CRJ-200,Bombardier,50
CR2,21D,Economy,Bombardier CRJ-200,Bombardier,50
CR2,22A,Economy,Bombardier CRJ-200,Bombardier,50
CR2,22B,Economy,Bombardier CRJ-200,Bombardier,50
CR2,22C,Economy,Bombardier CRJ-200,Bombardier,50
CR2,22D,Economy,Bombardier CRJ-200,Bombardier,50
CR2,23A,Economy,Bombardier CRJ-200,Bombardier,50
CR2,23B,Economy,Bombardier CRJ-200,Bombardier,50
SU9,1A,Business,Sukhoi Superjet-100,Sukhoi,97
SU9,1C,Business,Sukhoi Superjet-100,Sukhoi,97
SU9,1D,Business,Sukhoi Superjet-100,Sukhoi,97
SU9,1F,Business,Sukhoi Superjet-100,Sukhoi,97
SU9,2A,Business,Sukhoi Superjet-100,Sukhoi,97
SU9,2C,Business,Sukhoi Superjet-100,Sukhoi,97
SU9,2D,Business,Sukhoi Superjet-100,Sukhoi,97
SU9,2F,Business,Sukhoi Superjet-100,Sukhoi,97
SU9,3A,Business,Sukhoi Superjet-100,Sukhoi,97
SU9,3C,Business,Sukhoi Superjet-100,Sukhoi,97
SU9,3D,Business,Sukhoi Superjet-100,Sukhoi,97
SU9,3F,Business,Sukhoi Superjet-100,Sukhoi,97
SU9,4A,Economy,Sukhoi Superjet-100,Sukhoi,97
SU9,4C,Economy,Sukhoi Superjet-100,Sukhoi,97
SU9,4D,Economy,Sukhoi Superjet-100,Sukhoi,97
SU9,4E,Economy,Sukhoi Superjet-100,Sukhoi,97
SU9,4F,Economy,Sukhoi Superjet-100,Sukhoi,97
SU9,5A,Economy,Sukhoi Superjet-100,Sukhoi,97
SU9,5C,Economy,Sukhoi Superjet-100,Sukhoi,97
SU9,5D,Economy,Sukhoi Superjet-100,Sukhoi,97
SU9,5E,Economy,Sukhoi Superjet-100,Sukhoi,97
SU9,5F,Economy,Sukhoi Superjet-100,Sukhoi,97
SU9,6A,Economy,Sukhoi Superjet-100,Sukhoi,97
SU9,6C,Economy,Sukhoi Superjet-100,Sukhoi,97
SU9,6D,Economy,Sukhoi Superjet-100,Sukhoi,97
SU9,6E,Economy,Sukhoi Superjet-100,Sukhoi,97
SU9,6F,Economy,Sukhoi Superjet-100,Sukhoi,97
SU9,7A,Economy,Sukhoi Superjet-100,Sukhoi,97
SU9,7C,Economy,Sukhoi Superjet-100,Sukhoi,97
SU9,7D,Economy,Sukhoi Superjet-100,Sukhoi,97
SU9,7E,Economy,Sukhoi Superjet-100,Sukhoi,97
SU9,7F,Economy,Sukhoi Superjet-100,Sukhoi,97
SU9,8A,Economy,Sukhoi Superjet-100,Sukhoi,97
SU9,8C,Economy,Sukhoi Superjet-100,Sukhoi,97
SU9,8D,Economy,Sukhoi Superjet-100,Sukhoi,97
SU9,8E,Economy,Sukhoi Superjet-100,Sukhoi,97
SU9,8F,Economy,Sukhoi Superjet-100,Sukhoi,97
SU9,9A,Economy,Sukhoi Superjet-100,Sukhoi,97
SU9,9C,Economy,Sukhoi Superjet-100,Sukhoi,97
SU9,9D,Economy,Sukhoi Superjet-100,Sukhoi,97
SU9,9E,Economy,Sukhoi Superjet-100,Sukhoi,97
SU9,9F,Economy,Sukhoi Superjet-100,Sukhoi,97
SU9,10A,Economy,Sukhoi Superjet-100,Sukhoi,97
SU9,10C,Economy,Sukhoi Superjet-100,Sukhoi,97
SU9,10D,Economy,Sukhoi Superjet-100,Sukhoi,97
SU9,10E,Economy,Sukhoi Superjet-100,Sukhoi,97
SU9,10F,Economy,Sukhoi Superjet-100,Sukhoi,97
SU9,11A,Economy,Sukhoi Superjet-100,Sukhoi,97
SU9,11C,Economy,Sukhoi Superjet-100,Sukhoi,97
SU9,11D,Economy,Sukhoi Superjet-100,Sukhoi,97
SU9,11E,Economy,Sukhoi Superjet-100,Sukhoi,97
SU9,11F,Economy,Sukhoi Superjet-100,Sukhoi,97
SU9,12A,Economy,Sukhoi Superjet-100,Sukhoi,97
SU9,12C,Economy,Sukhoi Superjet-100,Sukhoi,97
SU9,12D,Economy,Sukhoi Superjet-100,Sukhoi,97
SU9,12E,Economy,Sukhoi Superjet-100,Sukhoi,97
SU9,12F,Economy,Sukhoi Superjet-100,Sukhoi,97
SU9,13A,Economy,Sukhoi Superjet-100,Sukhoi,97
SU9,13C,Economy,Sukhoi Superjet-100,Sukhoi,97
SU9,13D,Economy,Sukhoi Superjet-100,Sukhoi,97
SU9,13E,Economy,Sukhoi Superjet-100,Sukhoi,97
SU9,13F,Economy,Sukhoi Superjet-100,Sukhoi,97
SU9,14A,Economy,Sukhoi Superjet-100,Sukhoi,97
SU9,14C,Economy,Sukhoi Superjet-100,Sukhoi,97
SU9,14D,Economy,Sukhoi Superjet-100,Sukhoi,97
SU9,14E,Economy,Sukhoi Superjet-100,Sukhoi,97
SU9,14F,Economy,Sukhoi Superjet-100,Sukhoi,97
SU9,15A,Economy,Sukhoi Superjet-100,Sukhoi,97
SU9,15C,Economy,Sukhoi Superjet-100,Sukhoi,97
SU9,15D,Economy,Sukhoi Superjet-100,Sukhoi,97
SU9,15E,Economy,Sukhoi Superjet-100,Sukhoi,97
SU9,15F,Economy,Sukhoi Superjet-100,Sukhoi,97
SU9,16A,Economy,Sukhoi Superjet-100,Sukhoi,97
SU9,16C,Economy,Sukhoi Superjet-100,Sukhoi,97
SU9,16D,Economy,Sukhoi Superjet-100,Sukhoi,97
SU9,16E,Economy,Sukhoi Superjet-100,Sukhoi,97
SU9,16F,Economy,Sukhoi Superjet-100,Sukhoi,97
SU9,17A,Economy,Sukhoi Superjet-100,Sukhoi,97
SU9,17C,Economy,Sukhoi Superjet-100,Sukhoi,97
SU9,17D,Economy,Sukhoi Superjet-100,Sukhoi,97
SU9,17E,Economy,Sukhoi Superjet-100,Sukhoi,97
SU9,17F,Economy,Sukhoi Superjet-100,Sukhoi,97
SU9,18A,Economy,Sukhoi Superjet-100,Sukhoi,97
SU9,18C,Economy,Sukhoi Superjet-100,Sukhoi,97
SU9,18D,Economy,Sukhoi Superjet-100,Sukhoi,97
SU9,18E,Economy,Sukhoi Superjet-100,Sukhoi,97
SU9,18F,Economy,Sukhoi Superjet-100,Sukhoi,97
SU9,19A,Economy,Sukhoi Superjet-100,Sukhoi,97
SU9,19C,Economy,Sukhoi Superjet-100,Sukhoi,97
SU9,19D,Economy,Sukhoi Superjet-100,Sukhoi,97
SU9,19E,Economy,Sukhoi Superjet-100,Sukhoi,97
SU9,19F,Economy,Sukhoi Superjet-100,Sukhoi,97
SU9,20A,Economy,Sukhoi Superjet-100,Sukhoi,97
SU9,20C,Economy,Sukhoi Superjet-100,Sukhoi,97
SU9,20D,Economy,Sukhoi Superjet-100,Sukhoi,97
SU9,20E,Economy,Sukhoi Superjet-100,Sukhoi,97
SU9,20F,Economy,Sukhoi Superjet-100,Sukhoi,97
773,47F,Economy,Boeing 777-300,Boeing,402
773,47G,Economy,Boeing 777-300,Boeing,402
773,47H,Economy,Boeing 777-300,Boeing,402
773,47K,Economy,Boeing 777-300,Boeing,402
773,48A,Economy,Boeing 777-300,Boeing,402
773,48C,Economy,Boeing 777-300,Boeing,402
773,48D,Economy,Boeing 777-300,Boeing,402
773,48E,Economy,Boeing 777-300,Boeing,402
773,48F,Economy,Boeing 777-300,Boeing,402
773,48G,Economy,Boeing 777-300,Boeing,402
773,48H,Economy,Boeing 777-300,Boeing,402
773,48K,Economy,Boeing 777-300,Boeing,402
773,49A,Economy,Boeing 777-300,Boeing,402
773,49C,Economy,Boeing 777-300,Boeing,402
773,49D,Economy,Boeing 777-300,Boeing,402
